id,ticker,entry_date,entry_price,qty,exit_date,exit_price,pnl_abs,pnl_pct,exit_reason,holding_days
583,POLYCAB.NS,2025-08-01,6698.0,108,2025-12-01,7401.0,75924.0,10.495670349358017,REBALANCE,122
584,BEL.NS,2025-10-01,406.5,1817,2025-12-01,417.25,19532.75,2.6445264452644524,REBALANCE,61
585,HINDPETRO.NS,2025-10-01,429.9202575683594,1718,2025-12-01,451.95001220703125,37847.11846923828,5.124149013882891,REBALANCE,61
579,MRF.NS,2025-08-01,145902.125,4,2025-11-03,158356.875,49819.0,8.536373270779983,REBALANCE,94
580,POONAWALLA.NS,2025-09-01,428.70001220703125,1715,2025-11-03,474.6000061035156,78718.4895324707,10.706786235013677,REBALANCE,63
581,M&M.NS,2025-10-01,3463.39990234375,213,2025-11-03,3548.89990234375,18211.5,2.4686724724494127,REBALANCE,33
582,JINDALSTEL.NS,2025-10-01,1065.0,693,2025-11-03,1077.0,8316.0,1.1267605633802817,REBALANCE,33
573,INDIGO.NS,2025-02-01,4484.82080078125,165,2025-10-01,5606.0,184994.56787109375,24.999420244916852,REBALANCE,242
574,JIOFIN.NS,2025-07-01,329.08685302734375,2140,2025-10-01,300.04998779296875,-62138.8916015625,-8.823465588873686,REBALANCE,92
575,BOSCHLTD.NS,2025-08-01,40390.0,17,2025-10-01,38320.0,-35190.0,-5.125030948254518,REBALANCE,61
576,PAYTM.NS,2025-08-01,1076.4000244140625,673,2025-10-01,1148.5999755859375,48590.567138671875,6.707538975686756,REBALANCE,61
577,PRESTIGE.NS,2025-08-01,1594.6644287109375,454,2025-10-01,1542.0999755859375,-23864.26171875,-3.296270499210357,REBALANCE,61
578,DALBHARAT.NS,2025-08-01,2200.267578125,329,2025-10-01,2225.220703125,8209.578125,1.1340950186278835,REBALANCE,61
567,ABBOTINDIA.NS,2025-08-01,33595.0,21,2025-09-01,32130.0,-30765.0,-4.360767971424319,REBALANCE,31
568,AMBUJACEM.NS,2025-08-01,607.9500122070312,1192,2025-09-01,567.0999755859375,-48693.24365234375,-6.719308463009403,REBALANCE,31
569,HDFCBANK.NS,2025-08-01,1006.0999755859375,720,2025-09-01,950.5999755859375,-39960.0,-5.516350397253278,REBALANCE,31
570,BPCL.NS,2025-08-01,311.3712158203125,2327,2025-09-01,308.3343811035156,-7066.714385986328,-0.9753100358992031,REBALANCE,31
571,ASHOKLEY.NS,2025-08-01,119.5392837524414,6062,2025-09-01,127.16755676269531,46242.59098815918,6.381394275417943,REBALANCE,31
572,MAXHEALTH.NS,2025-08-01,1246.0,581,2025-09-01,1181.199951171875,-37648.828369140625,-5.200645973364767,REBALANCE,31
559,BAJFINANCE.NS,2025-02-01,795.1038208007812,934,2025-08-01,875.5999755859375,75183.40856933594,10.123980375806182,REBALANCE,181
560,CHOLAFIN.NS,2025-03-03,1419.111328125,463,2025-08-01,1422.5,1568.955078125,0.23878830419014982,REBALANCE,151
561,POONAWALLA.NS,2025-04-01,349.3999938964844,1888,2025-08-01,419.3500061035156,132065.623046875,20.020038188024444,REBALANCE,122
562,BHARTIARTL.NS,2025-04-01,1709.8558349609375,385,2025-08-01,1884.4000244140625,67199.51293945312,10.208123157769764,REBALANCE,122
563,BEL.NS,2025-06-02,386.6031188964844,1877,2025-08-01,376.32696533203125,-19288.340240478516,-2.6580627682945916,REBALANCE,60
564,ABCAPITAL.NS,2025-06-02,224.16000366210938,3238,2025-08-01,251.4499969482422,88364.99826049805,12.174336563300898,REBALANCE,60
565,IDFCFIRSTB.NS,2025-07-01,76.98800659179688,9150,2025-08-01,67.58000183105469,-86083.24356079102,-12.220091384655511,REBALANCE,31
566,BERGEPAINT.NS,2025-07-01,590.0896606445312,1193,2025-08-01,563.1206665039062,-32174.010009765625,-4.570321417116147,REBALANCE,31
558,MCX.NS,2025-07-01,1805.20556640625,390,2025-07-31,1532.74609375,-106259.1943359375,-15.092988728073461,STOP_LOSS,30
556,SBICARD.NS,2025-02-01,822.4926147460938,902,2025-07-28,837.0999755859375,13175.839477539062,1.7759868694204741,STOP_LOSS,177
557,MAZDOCK.NS,2025-07-01,3264.8837890625,215,2025-07-28,2781.281982421875,-103974.38842773438,-14.812221135120081,STOP_LOSS,27
555,BSE.NS,2025-04-01,1816.2716064453125,363,2025-07-08,2477.0,239844.40686035156,36.378281266413765,STOP_LOSS,98
554,COCHINSHIP.NS,2025-06-02,1915.9180908203125,378,2025-07-02,2017.8414306640625,38527.0224609375,5.319817184883456,STOP_LOSS,30
550,BAJAJFINSV.NS,2025-02-01,1753.1458740234375,423,2025-07-01,2053.800048828125,127176.71594238281,17.14941005534763,REBALANCE,150
551,HAL.NS,2025-04-01,4209.521484375,156,2025-07-01,4895.71044921875,107045.478515625,16.300878078203475,REBALANCE,91
552,LODHA.NS,2025-05-02,1333.803466796875,473,2025-07-01,1386.9283447265625,25128.067260742188,3.9829614521295804,REBALANCE,60
553,MRF.NS,2025-05-02,134786.984375,4,2025-07-01,142280.40625,29973.6875,5.559455098536847,REBALANCE,60
549,MAZDOCK.NS,2025-05-02,2997.51220703125,210,2025-06-16,3155.82177734375,33245.009765625,5.2813653249235815,STOP_LOSS,45
546,KOTAKBANK.NS,2025-02-01,380.1816711425781,1953,2025-06-02,412.24468994140625,62619.07571411133,8.433604571853136,REBALANCE,121
547,EICHERMOT.NS,2025-04-01,5239.26513671875,125,2025-06-02,5292.3759765625,6638.85498046875,1.0137078093553458,REBALANCE,62
548,TATACONSUM.NS,2025-05-02,1146.2049560546875,550,2025-06-02,1120.4000244140625,-14192.71240234375,-2.25133659598256,REBALANCE,31
543,ABBOTINDIA.NS,2025-03-03,30755.205078125,21,2025-05-02,30085.9765625,-14053.798828125,-2.17598456562072,REBALANCE,60
544,SHRIRAMFIN.NS,2025-03-03,614.779052734375,1069,2025-05-02,597.2647705078125,-18722.767700195312,-2.8488742660738997,REBALANCE,60
545,JSWSTEEL.NS,2025-03-03,973.4287109375,675,2025-05-02,964.9016723632812,-5755.751037597656,-0.8759797690789745,REBALANCE,60
542,MAZDOCK.NS,2025-04-01,2567.687255859375,256,2025-04-07,2307.5380859375,-66598.1875,-10.131653273903332,STOP_LOSS,6
541,MARUTI.NS,2025-02-01,12778.1962890625,58,2025-04-01,11358.166015625,-82361.755859375,-11.112916418829592,REBALANCE,59
536,WIPRO.NS,2024-11-01,265.0896301269531,2518,2025-03-03,278.08026123046875,32710.409118652344,4.900467474828921,REBALANCE,122
537,EICHERMOT.NS,2025-02-01,5321.15283203125,139,2025-03-03,4843.79296875,-66353.02099609375,-8.97098576849233,REBALANCE,30
538,PAGEIND.NS,2025-02-01,45909.296875,16,2025-03-03,40127.67578125,-92505.9375,-12.593573605563959,REBALANCE,30
539,MARICO.NS,2025-02-01,683.71728515625,1086,2025-03-03,588.29052734375,-103633.458984375,-13.957049190396306,REBALANCE,30
540,TITAN.NS,2025-02-01,3541.342529296875,209,2025-03-03,3072.752685546875,-97935.27734375,-13.231983064994207,REBALANCE,30
535,BSE.NS,2024-11-01,1483.205322265625,450,2025-02-28,1539.71044921875,25427.30712890625,3.80966317372785,STOP_LOSS,119
534,M&M.NS,2025-02-01,3052.228271484375,243,2025-02-21,2648.0751953125,-98209.19750976562,-13.241246729404196,STOP_LOSS,20
533,MAZDOCK.NS,2025-02-01,2369.675048828125,313,2025-02-18,1953.4857177734375,-130267.26062011719,-17.563139353663935,STOP_LOSS,17
532,PHOENIXLTD.NS,2025-02-01,1761.5726318359375,421,2025-02-17,1542.5740966796875,-92198.38330078125,-12.431990097848331,STOP_LOSS,16
528,PERSISTENT.NS,2024-09-02,5175.65185546875,134,2025-02-01,5917.59521484375,99420.41015625,14.335264041978407,REBALANCE,152
529,DIVISLAB.NS,2024-10-01,5399.21484375,128,2025-02-01,5593.08251953125,24815.0625,3.5906642241819013,REBALANCE,123
530,HCLTECH.NS,2024-11-01,1693.0223388671875,394,2025-02-01,1648.5010986328125,-17541.36865234375,-2.6296900644656853,REBALANCE,92
531,TECHM.NS,2024-11-01,1558.555908203125,428,2025-02-01,1600.103759765625,17782.48046875,2.665791540991362,REBALANCE,92
527,LUPIN.NS,2025-01-01,2350.2822265625,367,2025-01-28,2009.849609375,-124938.7705078125,-14.484754781361447,STOP_LOSS,27
526,COFORGE.NS,2024-11-01,1496.80859375,446,2025-01-21,1637.2005615234375,62614.817626953125,9.37942021175261,STOP_LOSS,81
525,MAXHEALTH.NS,2024-11-01,1006.388671875,663,2025-01-17,1025.4666748046875,12648.715942382812,1.8956893556982637,STOP_LOSS,77
524,OBEROIRLTY.NS,2024-11-01,1962.1207275390625,340,2025-01-16,1955.7506103515625,-2165.83984375,-0.32465470131848356,STOP_LOSS,76
522,OFSS.NS,2024-12-02,11704.02734375,74,2025-01-13,10349.474609375,-100236.90234375,-11.573390035681493,STOP_LOSS,42
523,NAUKRI.NS,2024-12-02,1682.303955078125,519,2025-01-13,1444.502685546875,-123418.85888671875,-14.135452087206598,STOP_LOSS,42
520,PAYTM.NS,2024-09-02,607.8499755859375,1144,2025-01-10,847.7000122070312,274388.44189453125,39.4587556559314,STOP_LOSS,130
521,POLICYBZR.NS,2024-11-01,1706.300048828125,391,2025-01-10,1862.949951171875,61250.11181640625,9.180677363945225,STOP_LOSS,70
519,MCX.NS,2024-09-02,1027.8651123046875,676,2025-01-06,1158.2464599609375,88137.791015625,12.684674875666117,STOP_LOSS,126
518,MAZDOCK.NS,2024-12-02,2263.05126953125,386,2024-12-31,2218.4150390625,-17229.5849609375,-1.972391481788903,STOP_LOSS,29
516,LUPIN.NS,2024-09-02,2218.94921875,313,2024-12-02,2056.7578125,-50765.91015625,-7.30937891140056,REBALANCE,91
517,BHARTIARTL.NS,2024-11-01,1603.048583984375,416,2024-12-02,1629.9735107421875,11200.76953125,1.6796076567368052,REBALANCE,31
515,TRENT.NS,2023-11-01,2194.2421875,186,2024-11-05,6962.318359375,886862.16796875,217.2994484855606,STOP_LOSS,370
511,VEDL.NS,2024-05-02,354.6670227050781,1946,2024-11-01,435.7596130371094,157806.1807861328,22.864429208425012,REBALANCE,183
512,NAUKRI.NS,2024-09-02,1504.5850830078125,462,2024-11-01,1485.0291748046875,-9034.82958984375,-1.2997542261970874,REBALANCE,60
513,MAZDOCK.NS,2024-10-01,2078.6962890625,334,2024-11-01,2045.322265625,-11146.923828125,-1.605526676172199,REBALANCE,31
514,SHRIRAMFIN.NS,2024-10-01,698.4483032226562,995,2024-11-01,616.3946533203125,-81643.38165283203,-11.747991873377938,REBALANCE,31
510,MOTHERSON.NS,2024-09-02,128.0260467529297,5434,2024-10-31,119.89604187011719,-44178.446533203125,-6.350274095787823,STOP_LOSS,59
509,M&M.NS,2024-10-01,3140.270751953125,221,2024-10-30,2686.119384765625,-100367.4521484375,-14.462172311258056,STOP_LOSS,29
507,BSE.NS,2024-10-01,1282.255859375,542,2024-10-25,1349.9921875,36713.08984375,5.282590649109312,STOP_LOSS,24
508,HINDPETRO.NS,2024-10-01,429.06585693359375,1619,2024-10-25,359.1461486816406,-113200.00765991211,-16.295798680335118,STOP_LOSS,24
506,COLPAL.NS,2024-09-02,3524.33154296875,197,2024-10-24,3119.5654296875,-79738.92431640625,-11.48490453711094,STOP_LOSS,52
502,OFSS.NS,2024-07-01,9726.7998046875,70,2024-10-01,10917.955078125,83380.869140625,12.246116886907277,REBALANCE,92
503,ICICIPRULI.NS,2024-08-01,733.7276000976562,944,2024-10-01,766.1845703125,30639.3798828125,4.423572209975998,REBALANCE,61
504,ASHOKLEY.NS,2024-08-01,120.9896469116211,5725,2024-10-01,115.15294647216797,-33415.11001586914,-4.824132137286623,REBALANCE,61
505,ICICIGI.NS,2024-09-02,2164.2607421875,321,2024-10-01,2132.821533203125,-10091.986083984375,-1.4526534798481907,REBALANCE,29
501,POLICYBZR.NS,2024-07-01,1517.1500244140625,451,2024-09-27,1640.800048828125,55766.16101074219,8.150151430265922,STOP_LOSS,88
500,RVNL.NS,2024-09-02,595.7554321289062,1167,2024-09-19,505.57952880859375,-105235.27917480469,-15.136396322577003,STOP_LOSS,17
496,CUMMINSIND.NS,2024-07-01,3902.515869140625,175,2024-09-02,3744.630859375,-27629.876708984375,-4.0457237090080795,REBALANCE,63
497,BEL.NS,2024-07-01,304.4227600097656,2248,2024-09-02,294.581298828125,-22123.604736328125,-3.23282700062404,REBALANCE,63
498,M&M.NS,2024-08-01,2805.857421875,246,2024-09-02,2754.8671875,-12543.59765625,-1.81727816878614,REBALANCE,32
499,ZYDUSLIFE.NS,2024-08-01,1227.3404541015625,564,2024-09-02,1098.9610595703125,-72405.978515625,-10.459966026722899,REBALANCE,32
495,MAZDOCK.NS,2024-08-01,2521.040283203125,274,2024-08-20,2122.17724609375,-109288.47216796875,-15.821367066875936,STOP_LOSS,19
494,RVNL.NS,2024-06-03,400.88629150390625,1851,2024-08-09,513.45751953125,208369.34307861328,28.08058804032386,STOP_LOSS,67
492,COCHINSHIP.NS,2024-07-01,2242.0908203125,305,2024-08-05,2385.50830078125,43742.33154296875,6.396595497802387,STOP_LOSS,35
493,MOTHERSON.NS,2024-07-01,129.787841796875,5274,2024-08-05,115.77668762207031,-73894.82711791992,-10.79542889443597,STOP_LOSS,35
491,PRESTIGE.NS,2024-04-01,1264.380859375,456,2024-08-02,1692.177734375,195075.375,33.83449471162238,STOP_LOSS,123
489,SIEMENS.NS,2024-06-03,4254.84814453125,174,2024-08-01,4111.4208984375,-24956.3408203125,-3.37091339624181,REBALANCE,59
490,HAL.NS,2024-07-01,5322.6240234375,128,2024-08-01,4749.56396484375,-73351.6875,-10.766495173627758,REBALANCE,31
487,IRFC.NS,2024-04-01,141.3662567138672,4086,2024-07-25,179.2071075439453,154617.71649169922,26.767951355371896,STOP_LOSS,115
488,MAZDOCK.NS,2024-07-01,2168.746826171875,315,2024-07-25,2397.0771484375,71924.05151367188,10.528214704925158,STOP_LOSS,24
486,ABB.NS,2024-06-03,8646.751953125,85,2024-07-19,7549.5625,-93261.103515625,-12.689035826088057,STOP_LOSS,46
485,COCHINSHIP.NS,2024-04-01,958.0619506835938,602,2024-06-05,1666.739013671875,426623.5919189453,73.9698578450619,STOP_LOSS,65
478,ADANIGREEN.NS,2024-01-01,1598.4000244140625,396,2024-06-04,1646.0,18849.59033203125,2.9779764050858657,STOP_LOSS,155
479,CUMMINSIND.NS,2024-04-01,2940.643310546875,196,2024-06-04,3178.075927734375,46536.79296875,8.074172625286687,STOP_LOSS,64
480,HAL.NS,2024-05-02,3894.9326171875,177,2024-06-04,4275.9697265625,67443.568359375,9.782893488158567,STOP_LOSS,33
481,HINDPETRO.NS,2024-05-02,333.3126525878906,2071,2024-06-04,309.10296630859375,-50138.26028442383,-7.26335651867073,STOP_LOSS,33
482,BEL.NS,2024-06-03,315.3073425292969,2354,2024-06-04,252.86927795410156,-146979.20401000977,-19.80228689707531,STOP_LOSS,1
483,MAZDOCK.NS,2024-06-03,1607.8902587890625,461,2024-06-04,1322.5509033203125,-131541.44287109375,-17.746195917851093,STOP_LOSS,1
484,ADANIPORTS.NS,2024-06-03,1569.5469970703125,472,2024-06-04,1237.5931396484375,-156682.220703125,-21.149660254933046,STOP_LOSS,1
473,PNB.NS,2024-01-01,93.9363021850586,6739,2024-06-03,131.58766174316406,253732.51206207275,40.08179871071639,REBALANCE,154
474,IOC.NS,2024-03-01,154.42660522460938,4719,2024-06-03,159.8050994873047,25381.11442565918,3.482880592286825,REBALANCE,94
475,BPCL.NS,2024-03-01,285.7866516113281,2550,2024-06-03,305.4336242675781,50099.7802734375,6.87469920147636,REBALANCE,94
476,CANBK.NS,2024-03-01,108.7761001586914,6699,2024-06-03,120.5438003540039,78831.82360839844,10.818277340468011,REBALANCE,94
477,JIOFIN.NS,2024-05-02,379.05889892578125,1821,2024-06-03,355.54559326171875,-42817.72961425781,-6.203074437955972,REBALANCE,32
472,BSE.NS,2024-04-01,895.5236206054688,645,2024-05-09,895.6062622070312,53.3038330078125,0.009228299473175876,STOP_LOSS,38
469,COALINDIA.NS,2023-10-03,245.8006591796875,1657,2024-05-02,404.3512878417969,262718.39169311523,64.50374429069542,REBALANCE,212
470,DLF.NS,2024-03-01,898.1600341796875,811,2024-05-02,884.883544921875,-10767.232788085938,-1.4781874891525604,REBALANCE,62
471,ADANIPORTS.NS,2024-03-01,1310.0780029296875,556,2024-05-02,1326.626220703125,9200.80908203125,1.2631475176616374,REBALANCE,62
468,OFSS.NS,2024-02-01,5959.99951171875,90,2024-04-19,7032.64453125,96538.0517578125,17.997401131026596,STOP_LOSS,78
467,HINDPETRO.NS,2024-03-01,323.09771728515625,2255,2024-03-19,278.3332214355469,-100943.93814086914,-13.854785550868373,STOP_LOSS,18
463,MCX.NS,2023-11-01,475.1270751953125,862,2024-03-13,638.8353271484375,141116.51318359375,34.45567733344364,STOP_LOSS,133
464,COCHINSHIP.NS,2023-12-01,575.041259765625,731,2024-03-13,723.0730590820312,108211.24530029297,25.742813546412474,STOP_LOSS,103
465,ATGL.NS,2024-01-01,1000.3134765625,632,2024-03-13,872.44482421875,-80812.98828125,-12.782858107956393,STOP_LOSS,72
466,LODHA.NS,2024-03-01,1167.3961181640625,624,2024-03-13,1007.504638671875,-99772.283203125,-13.6964203499019,STOP_LOSS,12
460,HAL.NS,2023-12-01,2411.95654296875,174,2024-03-01,3112.531982421875,121900.12646484375,29.045939550420908,REBALANCE,91
461,BSE.NS,2024-02-01,823.9947509765625,656,2024-03-01,772.1119384765625,-34035.125,-6.296497937457825,REBALANCE,29
462,PRESTIGE.NS,2024-02-01,1239.0841064453125,436,2024-03-01,1164.9906005859375,-32304.7685546875,-5.979699479152761,REBALANCE,29
458,RECLTD.NS,2023-01-02,102.48352813720703,3422,2024-02-28,392.6537170410156,992962.386428833,283.1383678705156,STOP_LOSS,422
459,PFC.NS,2023-03-01,106.77851867675781,2812,2024-02-28,363.84796142578125,722879.2730102539,240.75014893887925,STOP_LOSS,364
456,IRFC.NS,2023-11-01,70.45632934570312,5818,2024-02-12,129.79725646972656,345245.51400756836,84.22369952436703,STOP_LOSS,103
457,RVNL.NS,2024-02-01,294.85528564453125,1834,2024-02-12,227.52069091796875,-123491.64672851562,-22.8364889506302,STOP_LOSS,11
453,LODHA.NS,2023-10-03,784.383056640625,519,2024-02-01,1066.8544921875,146602.67504882812,36.0119246783135,REBALANCE,121
454,TVSMOTOR.NS,2023-11-01,1548.2828369140625,264,2024-02-01,1979.185302734375,113758.2509765625,27.8309915699356,REBALANCE,92
455,MAZDOCK.NS,2023-12-01,993.7518310546875,423,2024-02-01,1102.931884765625,46183.16271972656,10.98665182785753,REBALANCE,62
452,PRESTIGE.NS,2023-11-01,748.2703247070312,547,2024-01-23,1134.055908203125,211024.71417236328,51.556980246028004,STOP_LOSS,83
449,BSE.NS,2023-08-01,274.26641845703125,1385,2024-01-01,728.028076171875,628459.8959350586,165.4455767015216,REBALANCE,153
450,LUPIN.NS,2023-09-01,1082.3436279296875,375,2024-01-01,1299.0399169921875,81261.1083984375,20.021025067334463,REBALANCE,122
451,PHOENIXLTD.NS,2023-12-01,1175.59912109375,357,2024-01-01,1123.63232421875,-18552.146484375,-4.420452171370399,REBALANCE,31
445,SHRIRAMFIN.NS,2023-08-01,355.6026611328125,1068,2023-12-01,388.146728515625,34757.06396484375,9.151806479495876,REBALANCE,122
446,PERSISTENT.NS,2023-11-01,3068.7802734375,133,2023-12-01,3178.615966796875,14608.147216796875,3.5791318886556303,REBALANCE,30
447,PAYTM.NS,2023-11-01,913.3499755859375,448,2023-12-01,870.6500244140625,-19129.578125,-4.675091948678477,REBALANCE,30
448,DLF.NS,2023-11-01,567.4329833984375,722,2023-12-01,621.131103515625,38770.042724609375,9.463341343956031,REBALANCE,30
441,POLYCAB.NS,2023-08-01,4583.33447265625,82,2023-11-01,4851.04638671875,21952.376953125,5.840985763959504,REBALANCE,92
442,COCHINSHIP.NS,2023-10-03,522.8549194335938,779,2023-11-01,463.2573547363281,-46426.50289916992,-11.398489807043871,REBALANCE,29
443,RVNL.NS,2023-10-03,170.9377899169922,2384,2023-11-01,151.61439514160156,-46066.97314453125,-11.304343401639926,REBALANCE,29
444,CHOLAFIN.NS,2023-10-03,1250.046630859375,326,2023-11-01,1145.5601806640625,-34062.582763671875,-8.358604200507363,REBALANCE,29
440,IDFCFIRSTB.NS,2023-06-01,72.36315155029297,4837,2023-10-30,82.9285659790039,51104.909591674805,14.600544893857878,STOP_LOSS,151
439,MAZDOCK.NS,2023-07-03,629.3484497070312,572,2023-10-25,908.5084838867188,159679.53955078125,44.356990838642666,STOP_LOSS,114
438,PNB.NS,2023-10-03,79.9130859375,5099,2023-10-23,66.89840698242188,-66361.84799194336,-16.28604227004436,STOP_LOSS,20
437,IRFC.NS,2023-09-01,53.380393981933594,7614,2023-10-09,68.71785736083984,116779.44616699219,28.73239074274566,STOP_LOSS,38
433,HAL.NS,2023-07-03,1839.6510009765625,195,2023-10-03,1917.0758056640625,15097.8369140625,4.2086680922848805,REBALANCE,92
434,POLICYBZR.NS,2023-08-01,763.9000244140625,497,2023-10-03,760.4000244140625,-1739.5,-0.4581751391727759,REBALANCE,63
435,PRESTIGE.NS,2023-09-01,665.4267578125,610,2023-10-03,616.7978515625,-29663.6328125,-7.307927683861244,REBALANCE,32
436,ADANIENT.NS,2023-09-01,2447.87890625,166,2023-10-03,2385.134521484375,-10415.56787109375,-2.5632144059669004,REBALANCE,32
432,COCHINSHIP.NS,2023-09-01,443.10302734375,917,2023-09-22,490.1581726074219,43149.56820678711,10.619459213752446,STOP_LOSS,21
431,RVNL.NS,2023-07-03,120.48360443115234,2990,2023-09-21,157.3618621826172,110265.99067687988,30.608527961609994,STOP_LOSS,80
427,KPITTECH.NS,2023-02-01,731.7676391601562,446,2023-09-01,1188.0447998046875,203499.61364746094,62.35273825010857,REBALANCE,212
428,CHOLAFIN.NS,2023-06-01,1040.1387939453125,336,2023-09-01,1125.470458984375,28671.439453125,8.203872938475266,REBALANCE,92
429,ASTRAL.NS,2023-06-01,1796.938232421875,194,2023-09-01,1900.3939208984375,20070.403564453125,5.7573313656489535,REBALANCE,92
430,ABB.NS,2023-07-03,4349.10009765625,82,2023-09-01,4236.3603515625,-9244.6591796875,-2.592254571342379,REBALANCE,60
426,LODHA.NS,2023-06-01,555.48828125,630,2023-08-28,640.8410034179688,53772.21496582031,15.365350638163214,STOP_LOSS,88
422,ABCAPITAL.NS,2023-03-01,152.0,1975,2023-08-01,196.14999389648438,87196.23794555664,29.046048616108138,REBALANCE,153
423,ITC.NS,2023-05-02,373.703369140625,872,2023-08-01,418.42108154296875,38993.84521484375,11.966098273391918,REBALANCE,91
424,PAYTM.NS,2023-06-01,701.9500122070312,498,2023-08-01,787.2000122070312,42454.5,12.14473944262239,REBALANCE,61
425,DLF.NS,2023-06-01,467.3542785644531,749,2023-08-01,493.25262451171875,19397.861114501953,5.541480443233809,REBALANCE,61
418,POLYCAB.NS,2023-02-01,2948.3408203125,110,2023-07-03,3487.1923828125,59273.671875,18.27643394507173,REBALANCE,152
419,CUMMINSIND.NS,2023-03-01,1547.73876953125,194,2023-07-03,1825.3658447265625,53859.652587890625,17.937592613215664,REBALANCE,124
420,VBL.NS,2023-03-01,266.98419189453125,1124,2023-07-03,325.379150390625,65635.93334960938,21.872065938331637,REBALANCE,124
421,ADANIENT.NS,2023-06-01,2488.736083984375,140,2023-07-03,2382.232177734375,-14910.546875,-4.27943754001795,REBALANCE,32
412,POLICYBZR.NS,2023-03-01,574.7000122070312,522,2023-06-01,598.5999755859375,12475.780883789062,4.158685030668917,REBALANCE,92
413,ZYDUSLIFE.NS,2023-03-01,462.7076110839844,648,2023-06-01,501.645263671875,25231.598876953125,8.415174433087765,REBALANCE,92
414,GAIL.NS,2023-04-03,97.96580505371094,3312,2023-06-01,97.87290954589844,-307.669921875,-0.09482442140047634,REBALANCE,59
415,SIEMENS.NS,2023-04-03,1953.395263671875,166,2023-06-01,2059.1708984375,17558.75537109375,5.4149632044665825,REBALANCE,59
416,BOSCHLTD.NS,2023-04-03,18666.4921875,17,2023-06-01,17867.12109375,-13589.30859375,-4.282385172964089,REBALANCE,59
417,IRFC.NS,2023-05-02,32.123985290527344,10146,2023-06-01,30.783491134643555,-13600.653705596924,-4.17287625978048,REBALANCE,30
411,RVNL.NS,2023-04-03,72.75140380859375,4459,2023-05-12,119.04986572265625,206444.8416748047,63.63926947151705,STOP_LOSS,39
409,HCLTECH.NS,2023-02-01,1016.6527099609375,321,2023-05-02,975.0692138671875,-13348.30224609375,-4.090236094029371,REBALANCE,90
410,ABB.NS,2023-04-03,3320.83642578125,97,2023-05-02,3393.6533203125,7063.23876953125,2.1927275299059428,REBALANCE,29
405,FEDERALBNK.NS,2022-10-03,114.06160736083984,2781,2023-04-03,130.5872802734375,45957.89636993408,14.488374567892794,REBALANCE,182
406,JINDALSTEL.NS,2022-12-01,560.4629516601562,640,2023-04-03,540.3081665039062,-12899.0625,-3.596095887613836,REBALANCE,123
407,PERSISTENT.NS,2023-02-01,2303.75732421875,141,2023-04-03,2229.593994140625,-10457.029541015625,-3.2192336101752934,REBALANCE,61
408,BRITANNIA.NS,2023-02-01,4187.1826171875,77,2023-04-03,4142.25390625,-3459.5107421875,-1.0730057665284798,REBALANCE,61
404,COFORGE.NS,2023-02-01,837.5791015625,389,2023-03-21,717.4727172851562,-46721.38348388672,-14.339706429313463,STOP_LOSS,48
402,TATASTEEL.NS,2023-02-01,113.21781921386719,2884,2023-03-01,97.86547088623047,-44276.1725769043,-13.560010636343653,REBALANCE,28
403,IOC.NS,2023-02-01,67.1074447631836,4866,2023-03-01,64.71074676513672,-11662.332458496094,-3.5714338498576663,REBALANCE,28
401,VEDL.NS,2023-01-02,219.05809020996094,1601,2023-02-28,193.35740661621094,-41146.79443359375,-11.732359927504447,STOP_LOSS,57
400,HINDALCO.NS,2023-01-02,477.6296081542969,734,2023-02-24,407.2183532714844,-51681.861083984375,-14.741811160933379,STOP_LOSS,53
399,RVNL.NS,2023-02-01,70.14452362060547,4655,2023-02-22,60.151458740234375,-46517.71701812744,-14.246393538034605,STOP_LOSS,21
398,IRFC.NS,2023-01-02,31.501611709594727,11135,2023-02-17,27.528003692626953,-44246.12526893616,-12.613983225999501,STOP_LOSS,46
392,CANBK.NS,2022-12-01,58.02482604980469,6183,2023-02-01,51.4339714050293,-40751.25426864624,-11.358680574273906,STOP_LOSS,62
393,PNB.NS,2023-01-02,54.19261932373047,6473,2023-02-01,47.69709014892578,-42045.56034851074,-11.986003363303668,REBALANCE,30
394,IDFCFIRSTB.NS,2023-01-02,60.950504302978516,5755,2023-02-01,56.315673828125,-26673.449382781982,-7.604252873469698,REBALANCE,30
395,ABCAPITAL.NS,2023-01-02,155.39999389648438,2257,2023-02-01,136.4499969482422,-42770.14311218262,-12.194335709475787,REBALANCE,30
396,PFC.NS,2023-01-02,104.42003631591797,3359,2023-02-01,95.10800170898438,-31279.12424468994,-8.91786187352058,REBALANCE,30
397,AXISBANK.NS,2023-01-02,939.1121215820312,373,2023-02-01,854.9849853515625,-31379.421813964844,-8.958156784170553,REBALANCE,30
391,BANKBARODA.NS,2022-09-01,121.86781311035156,2411,2023-01-27,143.60220336914062,52401.61491394043,17.834397536212883,STOP_LOSS,148
390,ADANIENT.NS,2022-11-01,3570.8017578125,95,2023-01-19,3458.805419921875,-10639.652099609375,-3.1364479320530747,STOP_LOSS,79
389,VBL.NS,2022-11-01,219.92076110839844,1552,2023-01-12,235.833740234375,24696.943603515625,7.235778489386499,STOP_LOSS,72
387,HAL.NS,2022-08-01,971.5579833984375,288,2023-01-02,1230.8160400390625,74666.3203125,26.684774462329013,REBALANCE,154
388,KPITTECH.NS,2022-10-03,648.6481323242188,489,2023-01-02,686.5864868164062,18551.855346679688,5.848834306551966,REBALANCE,91
381,MAZDOCK.NS,2022-09-01,193.584228515625,1518,2022-12-23,341.9162292480469,225167.9771118164,76.6240110931606,STOP_LOSS,113
382,AMBUJACEM.NS,2022-10-03,482.5900573730469,657,2022-12-23,485.1578369140625,1687.0311584472656,0.5320829763864584,STOP_LOSS,81
383,IDFCFIRSTB.NS,2022-10-03,49.18899917602539,6449,2022-12-23,52.827091217041016,23462.055572509766,7.3961497529082125,STOP_LOSS,81
384,RVNL.NS,2022-12-01,72.46175384521484,4951,2022-12-23,60.97214889526367,-56885.03410720825,-15.856095581807272,STOP_LOSS,22
385,IRFC.NS,2022-12-01,32.74635696411133,10956,2022-12-23,26.666257858276367,-66613.56580352783,-18.567253488681203,STOP_LOSS,22
386,PNB.NS,2022-12-01,50.49443435668945,7105,2022-12-23,47.12813949584961,-23917.52498626709,-6.666665155728952,STOP_LOSS,22
380,COCHINSHIP.NS,2022-10-03,230.88189697265625,1374,2022-12-22,261.6574401855469,42285.59637451172,13.329560964468094,STOP_LOSS,80
375,ITC.NS,2022-06-01,235.48876953125,1201,2022-12-01,294.133544921875,70432.37524414062,24.90342766976099,REBALANCE,183
376,M&M.NS,2022-06-01,1010.4146118164062,280,2022-12-01,1260.603759765625,70052.96142578125,24.761038193960566,REBALANCE,183
377,PHOENIXLTD.NS,2022-06-01,569.184326171875,497,2022-12-01,719.6964111328125,74804.50622558594,26.443469723283947,REBALANCE,183
378,TVSMOTOR.NS,2022-06-01,727.6740112304688,388,2022-12-01,1036.4320068359375,119798.10229492188,42.43081253972103,REBALANCE,183
379,EICHERMOT.NS,2022-07-01,2669.644287109375,98,2022-12-01,3319.62109375,63697.72705078125,24.34694426441374,REBALANCE,153
374,INDUSINDBK.NS,2022-10-03,1131.145263671875,280,2022-11-01,1126.156005859375,-1396.9921875,-0.44108020187469876,REBALANCE,29
373,VBL.NS,2022-05-02,145.96437072753906,1863,2022-10-17,196.8658447265625,94829.44606018066,34.87253344450576,STOP_LOSS,168
367,ATGL.NS,2022-07-01,2386.33740234375,110,2022-10-03,3097.63427734375,78242.65625,29.807053868467936,STOP_LOSS,94
368,ADANIENT.NS,2022-07-01,2228.2236328125,118,2022-10-03,3152.97509765625,109120.6728515625,41.50173488989136,STOP_LOSS,94
369,ASHOKLEY.NS,2022-06-01,64.26753997802734,4404,2022-10-03,69.53101348876953,23180.337341308594,8.189940851231796,REBALANCE,124
370,BEL.NS,2022-08-01,90.95069885253906,3086,2022-10-03,95.03516387939453,12604.659072875977,4.490856121378163,REBALANCE,63
371,ABB.NS,2022-08-01,2702.587646484375,103,2022-10-03,2947.830322265625,25259.99560546875,9.074365306903946,REBALANCE,63
372,COALINDIA.NS,2022-08-01,159.22744750976562,1763,2022-10-03,163.09957885742188,6826.567565917969,2.431824040524651,REBALANCE,63
365,HINDUNILVR.NS,2022-07-01,2145.819580078125,123,2022-09-01,2450.1083984375,37427.524658203125,14.18054067473354,REBALANCE,62
366,CUMMINSIND.NS,2022-08-01,1162.21533203125,241,2022-09-01,1171.945556640625,2344.984130859375,0.8372135817868707,REBALANCE,31
360,COLPAL.NS,2022-06-01,1502.9727783203125,188,2022-08-01,1457.8055419921875,-8491.4404296875,-3.0051932396675114,REBALANCE,61
361,MARUTI.NS,2022-07-01,8104.71484375,32,2022-08-01,8684.2177734375,18544.09375,7.150195174780112,REBALANCE,31
362,AMBUJACEM.NS,2022-07-01,362.9918518066406,727,2022-08-01,370.7445068359375,5636.180206298828,2.1357655800567605,REBALANCE,31
363,SHRIRAMFIN.NS,2022-07-01,236.7794952392578,1115,2022-08-01,257.1985778808594,22767.277145385742,8.623670145494971,REBALANCE,31
364,BRITANNIA.NS,2022-07-01,3433.6533203125,76,2022-08-01,3693.546875,19751.91015625,7.56900975267494,REBALANCE,31
355,NTPC.NS,2022-05-02,139.92550659179688,1944,2022-07-01,124.95571899414062,-29101.26708984375,-10.698397999249304,REBALANCE,60
356,HAL.NS,2022-05-02,754.1878662109375,360,2022-07-01,831.2728271484375,27750.5859375,10.220922981004342,REBALANCE,60
357,BEL.NS,2022-05-02,76.2136001586914,3569,2022-07-01,73.54141235351562,-9537.038276672363,-3.5061823606439937,REBALANCE,60
358,COALINDIA.NS,2022-06-01,146.72874450683594,1928,2022-07-01,137.1488800048828,-18469.978759765625,-6.528962361227599,REBALANCE,30
359,ABB.NS,2022-06-01,2417.825439453125,117,2022-07-01,2239.76220703125,-20833.398193359375,-7.364602486031837,REBALANCE,30
354,PAGEIND.NS,2022-01-03,39057.953125,7,2022-06-21,37589.109375,-10281.90625,-3.760677742889272,STOP_LOSS,169
353,POWERGRID.NS,2022-03-02,133.8430633544922,2064,2022-06-20,132.16127014160156,-3471.22119140625,-1.256541183935909,STOP_LOSS,110
352,MAZDOCK.NS,2022-06-01,136.4708709716797,2073,2022-06-16,118.0984115600586,-38086.10836029053,-13.46255012575814,STOP_LOSS,15
351,ADANIENT.NS,2022-05-02,2335.332763671875,116,2022-06-01,2147.068359375,-21838.6708984375,-8.061566523858655,REBALANCE,30
350,GAIL.NS,2022-03-02,87.43092346191406,3160,2022-05-27,84.6399917602539,-8819.344177246094,-3.192156265941671,STOP_LOSS,86
349,ATGL.NS,2022-04-01,2246.992919921875,122,2022-05-25,2214.479248046875,-3966.66796875,-1.4469859511675924,STOP_LOSS,54
345,VEDL.NS,2021-12-01,179.9404754638672,1445,2022-05-10,199.7045440673828,28559.079132080078,10.983670323514474,STOP_LOSS,160
346,ADANIGREEN.NS,2022-02-01,1904.0,151,2022-05-10,2486.699951171875,87987.69262695312,30.60398903213629,STOP_LOSS,98
347,COALINDIA.NS,2022-03-02,138.3089599609375,1998,2022-05-10,127.26969146728516,-22056.458450317383,-7.981600394341883,STOP_LOSS,69
348,JINDALSTEL.NS,2022-03-02,437.9604187011719,631,2022-05-10,458.8436584472656,13177.324279785156,4.768293858158619,STOP_LOSS,69
344,CHOLAFIN.NS,2022-02-01,648.6154174804688,444,2022-05-06,632.8595581054688,-6995.6015625,-2.429152769171486,STOP_LOSS,94
343,POONAWALLA.NS,2022-04-01,276.4875793457031,991,2022-05-04,272.4332275390625,-4017.8626403808594,-1.4663775552721348,STOP_LOSS,33
341,ONGC.NS,2022-02-01,134.8792266845703,2138,2022-05-02,124.65918731689453,-21850.44416809082,-7.577178205192747,STOP_LOSS,90
342,BANKBARODA.NS,2022-04-01,102.83582305908203,2666,2022-05-02,99.95464324951172,-7681.225372314453,-2.8017277674872063,REBALANCE,31
340,KPITTECH.NS,2022-04-01,597.363525390625,459,2022-04-25,514.9652099609375,-37820.82678222656,-13.793663644897972,STOP_LOSS,24
339,HINDALCO.NS,2022-03-02,583.144287109375,473,2022-04-22,499.6228332519531,-39505.64767456055,-14.322605177431246,STOP_LOSS,51
338,BSE.NS,2022-03-02,213.2254180908203,1296,2022-04-19,273.078125,77569.10815429688,28.070155727722053,STOP_LOSS,48
335,TITAN.NS,2021-11-01,2375.13037109375,121,2022-04-01,2488.19677734375,13681.03515625,4.760429474780064,REBALANCE,151
336,VBL.NS,2022-03-02,128.92185974121094,2143,2022-04-01,124.04032135009766,-10461.136772155762,-3.7864318750227097,REBALANCE,30
337,BEL.NS,2022-03-02,68.62513732910156,4027,2022-04-01,68.8370590209961,853.4086532592773,0.30881059061234484,REBALANCE,30
334,BANKBARODA.NS,2022-02-01,94.10364532470703,3064,2022-03-07,82.2686538696289,-36262.413818359375,-12.57654941446868,STOP_LOSS,34
333,KPITTECH.NS,2022-02-01,610.4909057617188,472,2022-03-02,553.95458984375,-26685.14111328125,-9.260795760327916,REBALANCE,29
331,BSE.NS,2022-01-03,202.268310546875,1489,2022-02-24,198.96263122558594,-4922.156509399414,-1.6343041143476515,STOP_LOSS,52
332,LODHA.NS,2022-02-01,644.4677124023438,447,2022-02-24,523.6921997070312,-53986.65417480469,-18.74035120318206,STOP_LOSS,23
329,CANBK.NS,2022-02-01,45.24436569213867,6373,2022-02-23,40.06858444213867,-32985.25390625,-11.439615012437462,STOP_LOSS,22
330,MOTHERSON.NS,2022-02-01,78.64398193359375,3666,2022-02-23,67.78156280517578,-39821.62852478027,-13.812142851044973,STOP_LOSS,22
328,ATGL.NS,2021-11-01,1433.2508544921875,201,2022-02-21,1589.3267822265625,31371.261474609375,10.889644840970563,STOP_LOSS,112
327,PRESTIGE.NS,2021-12-01,439.3036804199219,592,2022-02-14,433.5488586425781,-3406.8544921875,-1.3099871532701086,STOP_LOSS,75
326,POONAWALLA.NS,2022-01-03,218.2926788330078,1380,2022-02-08,244.349365234375,35958.22723388672,11.936582821130868,STOP_LOSS,36
325,MPHASIS.NS,2022-01-03,3132.869873046875,96,2022-02-01,2880.512451171875,-24226.3125,-8.05515173311586,REBALANCE,29
321,PERSISTENT.NS,2021-06-01,1206.68310546875,168,2022-01-24,1971.5284423828125,128494.0166015625,63.38410917064671,STOP_LOSS,237
322,TECHM.NS,2021-11-01,1311.873779296875,220,2022-01-24,1317.0963134765625,1148.95751953125,0.39809730647155867,STOP_LOSS,84
323,KPITTECH.NS,2021-12-01,496.5077819824219,524,2022-01-24,618.57666015625,63964.09216308594,24.585491427030604,STOP_LOSS,54
324,COFORGE.NS,2021-12-01,1021.5968627929688,254,2022-01-24,916.438232421875,-26710.292114257812,-10.293554551802163,STOP_LOSS,54
318,LTIM.NS,2021-09-01,5017.76513671875,51,2022-01-21,6089.5166015625,54659.32470703125,21.359139689519164,STOP_LOSS,142
319,MAXHEALTH.NS,2021-12-01,374.2463073730469,695,2022-01-21,372.6535339355469,-1106.9775390625,-0.4255949640973562,STOP_LOSS,51
320,WIPRO.NS,2022-01-03,340.5746765136719,884,2022-01-21,287.1855163574219,-47196.017578125,-15.676197861442223,STOP_LOSS,18
317,POLYCAB.NS,2021-09-01,2079.1513671875,125,2022-01-03,2404.7626953125,40701.416015625,15.66078031949446,REBALANCE,124
315,BSE.NS,2021-10-01,129.3625946044922,2057,2021-12-20,202.76708984375,150993.04670715332,56.74321504116523,STOP_LOSS,80
316,APOLLOHOSP.NS,2021-12-01,5509.75830078125,47,2021-12-20,4653.22998046875,-40256.8310546875,-15.545660509119783,STOP_LOSS,19
314,BAJAJFINSV.NS,2021-09-01,1675.26806640625,155,2021-12-17,1617.1746826171875,-9004.474487304688,-3.467706748191244,STOP_LOSS,107
313,LODHA.NS,2021-11-01,571.361572265625,506,2021-12-16,627.4270629882812,28369.138305664062,9.81261139077647,STOP_LOSS,45
311,MPHASIS.NS,2021-09-01,2538.13525390625,102,2021-11-29,2735.4775390625,20128.9130859375,7.775089402841538,STOP_LOSS,89
312,DLF.NS,2021-10-01,405.40216064453125,656,2021-11-29,364.249755859375,-26995.9775390625,-10.151007759734144,STOP_LOSS,59
309,CANBK.NS,2021-11-01,37.53314971923828,7706,2021-11-26,35.43485641479492,-16169.448204040527,-5.590506845653409,STOP_LOSS,25
310,BANKBARODA.NS,2021-11-01,87.80938720703125,3293,2021-11-26,78.76691436767578,-29776.86305999756,-10.29784300627872,STOP_LOSS,25
308,OBEROIRLTY.NS,2021-10-01,898.1265869140625,296,2021-11-24,861.5133666992188,-10837.51318359375,-4.07662135252512,STOP_LOSS,54
307,GODREJPROP.NS,2021-10-01,2233.300048828125,119,2021-11-22,2116.199951171875,-13934.91162109375,-5.243366099315481,STOP_LOSS,52
305,PRESTIGE.NS,2021-10-01,477.20635986328125,557,2021-11-01,432.30859375,-25008.055725097656,-9.408459293405976,REBALANCE,31
306,ABBOTINDIA.NS,2021-10-01,20842.30078125,12,2021-11-01,18879.943359375,-23548.2890625,-9.415262942757078,REBALANCE,31
304,COFORGE.NS,2021-08-02,971.515380859375,284,2021-10-29,922.696044921875,-13864.69140625,-5.025070822277234,STOP_LOSS,88
303,COALINDIA.NS,2021-10-01,129.28829956054688,2058,2021-10-28,114.1121826171875,-31232.448669433594,-11.738198270797321,STOP_LOSS,27
302,KPITTECH.NS,2021-05-03,197.56492614746094,1662,2021-10-25,300.4430236816406,170983.39810180664,52.07305747042989,STOP_LOSS,175
301,MAXHEALTH.NS,2021-04-01,217.211181640625,762,2021-10-12,334.1787109375,89129.25732421875,53.84968140838959,STOP_LOSS,194
295,ADANIENT.NS,2021-07-01,1487.5955810546875,267,2021-10-01,1456.1016845703125,-8408.870361328125,-2.1171007016602057,REBALANCE,92
296,ATGL.NS,2021-09-01,1509.1661376953125,172,2021-10-01,1422.013427734375,-14990.26611328125,-5.774891695756619,REBALANCE,30
297,APOLLOHOSP.NS,2021-09-01,4983.65673828125,52,2021-10-01,4410.37890625,-29810.447265625,-11.503156459948332,REBALANCE,30
298,TECHM.NS,2021-09-01,1237.88330078125,210,2021-10-01,1181.81982421875,-11773.330078125,-4.528979147478389,REBALANCE,30
299,OFSS.NS,2021-09-01,3823.834228515625,68,2021-10-01,3707.76806640625,-7892.4990234375,-3.03533456664597,REBALANCE,30
300,GODREJCP.NS,2021-09-01,1058.41796875,246,2021-10-01,983.7013549804688,-18380.286987304688,-7.059272988134562,REBALANCE,30
294,TATASTEEL.NS,2021-04-01,74.29803466796875,2228,2021-09-20,110.29066467285156,80191.5796508789,48.443582883087885,STOP_LOSS,172
288,POONAWALLA.NS,2021-04-01,114.31317901611328,1448,2021-09-01,169.04702758789062,79254.6127319336,47.88061100467008,REBALANCE,153
289,HINDALCO.NS,2021-04-01,338.015380859375,489,2021-09-01,445.156494140625,52392.00439453125,31.69711183226424,REBALANCE,153
290,ASTRAL.NS,2021-04-01,1252.32763671875,132,2021-09-01,1568.855224609375,41781.6416015625,25.27514195246586,REBALANCE,153
291,JSWSTEEL.NS,2021-05-03,684.6434326171875,479,2021-09-01,646.7935180664062,-18130.10906982422,-5.528412710553919,REBALANCE,121
292,BEL.NS,2021-07-01,57.868309020996094,6886,2021-09-01,59.49797058105469,11221.849502563477,2.8161554875697354,REBALANCE,62
293,GUJGASLTD.NS,2021-08-02,722.734375,382,2021-09-01,674.6063232421875,-18384.915771484375,-6.6591618473678515,REBALANCE,30
287,VEDL.NS,2021-02-01,83.5256576538086,1905,2021-08-20,131.2476348876953,90910.3666305542,57.13451240537547,STOP_LOSS,200
286,BSE.NS,2021-06-01,97.30953979492188,2089,2021-08-17,116.09204864501953,39236.660987854004,19.30181654304548,STOP_LOSS,77
285,DALBHARAT.NS,2021-04-01,1526.22265625,108,2021-08-05,1896.9825439453125,40042.06787109375,24.29264735240445,STOP_LOSS,126
283,GRASIM.NS,2021-04-01,1412.7147216796875,117,2021-08-02,1545.9246826171875,15585.5654296875,9.429360287200533,REBALANCE,123
284,POLYCAB.NS,2021-07-01,1958.94873046875,203,2021-08-02,1824.1763916015625,-27358.784790039062,-6.879829817441843,REBALANCE,32
282,ADANIENT.NS,2020-09-01,280.4188537597656,484,2021-06-17,1364.3858642578125,524640.0330810547,386.55282837247444,STOP_LOSS,289
280,ADANIPORTS.NS,2021-03-01,672.6100463867188,241,2021-06-16,686.0059814453125,3228.4203491210938,1.9916346968882064,STOP_LOSS,107
281,ATGL.NS,2021-05-03,1235.586669921875,265,2021-06-16,1392.53173828125,41590.443115234375,12.702068756479745,STOP_LOSS,44
279,CHOLAFIN.NS,2020-11-02,289.4251708984375,419,2021-06-01,540.426025390625,105169.35803222656,86.72392028413675,REBALANCE,211
278,JINDALSTEL.NS,2021-04-01,365.73126220703125,452,2021-05-20,395.4610595703125,13437.868408203125,8.128864123858234,STOP_LOSS,49
276,CUMMINSIND.NS,2021-02-01,676.0316162109375,235,2021-05-03,782.4979248046875,25019.58251953125,15.748717373675325,REBALANCE,91
277,SHRIRAMFIN.NS,2021-04-01,268.9104919433594,615,2021-05-03,238.1361846923828,-18926.198959350586,-11.444070861117073,REBALANCE,32
275,ATGL.NS,2020-10-01,193.09788513183594,658,2021-04-08,991.9548950195312,525647.9125061035,413.7057271975208,STOP_LOSS,189
274,ABCAPITAL.NS,2021-03-01,129.6999969482422,1252,2021-04-01,121.55000305175781,-10203.792358398438,-6.283727130492296,REBALANCE,31
273,ADANIGREEN.NS,2021-02-01,1024.25,155,2021-03-31,1104.8499755859375,12492.996215820312,7.869170181687821,STOP_LOSS,58
270,DLF.NS,2021-02-01,271.9139099121094,585,2021-03-25,267.4246520996094,-2626.2158203125,-1.6509849804855738,STOP_LOSS,52
271,IDFCFIRSTB.NS,2021-02-01,46.44797134399414,3425,2021-03-25,57.013389587402344,36186.557483673096,22.74678083389393,STOP_LOSS,52
272,MOTHERSON.NS,2021-03-01,61.154205322265625,2656,2021-03-25,51.77836990356445,-24902.218872070312,-15.331464728047942,STOP_LOSS,24
269,ASTRAL.NS,2021-01-01,973.2413330078125,156,2021-03-24,1170.5902099609375,30786.4248046875,20.277486195866366,STOP_LOSS,82
268,POONAWALLA.NS,2021-03-01,120.24638366699219,1350,2021-03-23,113.27487182617188,-9411.540985107422,-5.797689400894642,STOP_LOSS,22
267,ASHOKLEY.NS,2020-11-02,37.392189025878906,3244,2021-03-18,51.74566650390625,46562.6809387207,38.38629898905728,STOP_LOSS,136
266,BANKBARODA.NS,2021-02-01,65.5135269165039,2428,2021-03-05,71.49750518798828,14529.099243164062,9.133958364218238,STOP_LOSS,32
263,KPITTECH.NS,2021-01-01,140.42774963378906,1081,2021-03-01,139.0615234375,-1476.8905181884766,-0.9729032900206267,REBALANCE,59
264,INDUSINDBK.NS,2021-02-01,937.312255859375,169,2021-03-01,1031.3236083984375,15887.918579101562,10.029886193354868,REBALANCE,28
265,RVNL.NS,2021-02-01,26.37864875793457,6032,2021-03-01,28.250404357910156,11290.429779052734,7.095722063521434,REBALANCE,28
262,SHRIRAMFIN.NS,2021-02-01,243.2191162109375,654,2021-02-26,234.2626953125,-5857.499267578125,-3.6824494052802303,STOP_LOSS,25
256,TATACOMM.NS,2020-05-04,437.8875427246094,240,2021-02-01,916.67919921875,114909.99755859375,109.34123713933926,REBALANCE,273
257,LTIM.NS,2020-08-03,2335.38720703125,50,2021-02-01,3710.667724609375,68764.02587890625,58.88875786582667,REBALANCE,182
258,JSWSTEEL.NS,2020-09-01,271.49078369140625,500,2021-02-01,360.5204772949219,44514.84680175781,32.79289720004361,REBALANCE,153
259,JINDALSTEL.NS,2020-11-02,188.14105224609375,644,2021-02-01,273.6328430175781,55056.71325683594,45.440263967301895,REBALANCE,91
260,BAJFINANCE.NS,2020-12-01,476.175537109375,257,2021-02-01,495.5218811035156,4972.010406494141,4.062859699089681,REBALANCE,62
261,PERSISTENT.NS,2021-01-01,718.8217163085938,211,2021-02-01,742.3896484375,4972.833679199219,3.278689498967282,REBALANCE,31
255,TATASTEEL.NS,2021-01-01,55.36302947998047,2742,2021-01-29,51.738731384277344,-9937.825378417969,-6.546423000594085,STOP_LOSS,28
254,GODREJPROP.NS,2021-01-01,1427.25,106,2021-01-28,1242.800048828125,-19551.69482421875,-12.923450773997198,STOP_LOSS,27
253,INDUSINDBK.NS,2020-12-01,864.7879638671875,141,2021-01-27,792.022216796875,-10259.970336914062,-8.41428767635898,STOP_LOSS,57
252,APOLLOHOSP.NS,2020-10-01,2065.517578125,61,2021-01-01,2386.847900390625,19601.149658203125,15.556891196119313,REBALANCE,92
249,POONAWALLA.NS,2020-11-02,36.637569427490234,3310,2020-12-21,38.17031478881836,5073.387145996094,4.183534511921147,STOP_LOSS,49
250,DALBHARAT.NS,2020-12-01,1126.4127197265625,108,2020-12-21,948.8825073242188,-19173.262939453125,-15.760671847299394,STOP_LOSS,20
251,ABCAPITAL.NS,2020-12-01,93.5999984741211,1310,2020-12-21,80.75,-16833.498001098633,-13.728631072225832,STOP_LOSS,20
248,ADANIGREEN.NS,2020-09-01,494.6499938964844,274,2020-12-14,1010.7999877929688,141425.09832763672,104.34650768529056,STOP_LOSS,104
245,MPHASIS.NS,2020-08-03,1024.9429931640625,115,2020-12-01,1173.634033203125,17099.469604492188,14.50724977201357,REBALANCE,120
246,HCLTECH.NS,2020-10-01,663.67333984375,191,2020-12-01,684.0811767578125,3897.8968505859375,3.0749821770552304,REBALANCE,61
247,WIPRO.NS,2020-11-02,158.29779052734375,766,2020-12-01,166.83209228515625,6537.275146484375,5.391295563495763,REBALANCE,29
244,GODREJPROP.NS,2020-11-02,1141.75,106,2020-11-05,912.1500244140625,-24337.597412109375,-20.10947892147471,STOP_LOSS,3
242,RELIANCE.NS,2020-05-04,642.0411987304688,164,2020-11-02,851.2944946289062,34317.54052734375,32.59187982207397,STOP_LOSS,182
243,CIPLA.NS,2020-05-04,589.3336181640625,178,2020-11-02,723.6035766601562,23900.052612304688,22.783352986782234,REBALANCE,182
241,PERSISTENT.NS,2020-08-03,468.3825378417969,251,2020-10-28,557.13427734375,22276.686614990234,18.948558567298754,STOP_LOSS,86
240,COFORGE.NS,2020-10-01,439.6074523925781,289,2020-10-26,416.33599853515625,-6725.450164794922,-5.293689570266886,STOP_LOSS,25
239,KPITTECH.NS,2020-10-01,121.44706726074219,1046,2020-10-22,103.10070037841797,-19190.299758911133,-15.106471729725076,STOP_LOSS,21
238,VEDL.NS,2020-10-01,60.79104232788086,2091,2020-10-12,42.87881088256836,-37454.47595214844,-29.465248101359393,STOP_LOSS,11
237,DIVISLAB.NS,2020-09-01,3134.287109375,43,2020-10-01,2973.06689453125,-6932.46923828125,-5.143760262469972,REBALANCE,30
233,TATACONSUM.NS,2020-06-01,346.5586242675781,292,2020-09-24,470.1024475097656,36074.79638671875,35.64875163712539,STOP_LOSS,115
234,ATGL.NS,2020-07-01,158.94247436523438,791,2020-09-24,175.02149963378906,12718.508987426758,10.116254533452555,STOP_LOSS,85
235,POONAWALLA.NS,2020-09-01,35.846473693847656,3789,2020-09-24,32.13821792602539,-14050.581104278564,-10.344827219249504,STOP_LOSS,23
236,BEL.NS,2020-09-01,32.69342041015625,4155,2020-09-24,27.756418228149414,-20513.244066238403,-15.10090446355729,STOP_LOSS,23
232,JINDALSTEL.NS,2020-08-03,188.14105224609375,627,2020-09-08,192.0853271484375,2473.0603637695312,2.0964456482280793,STOP_LOSS,36
227,DRREDDY.NS,2020-04-01,596.0065307617188,176,2020-09-01,843.457763671875,43551.4169921875,41.518208297802424,REBALANCE,153
228,ZYDUSLIFE.NS,2020-04-01,254.47872924804688,413,2020-09-01,364.67083740234375,45509.34066772461,43.30110751491919,REBALANCE,153
229,BRITANNIA.NS,2020-05-04,2793.856201171875,37,2020-09-01,3480.46875,25404.664306640625,24.57580130788862,REBALANCE,120
230,MCX.NS,2020-06-01,243.518798828125,416,2020-09-01,295.324951171875,21551.359375,21.273984839385914,REBALANCE,92
231,OFSS.NS,2020-07-01,2214.82568359375,56,2020-09-01,2309.725341796875,5314.380859375,4.284746149825296,REBALANCE,62
226,HAL.NS,2020-08-03,402.9346923828125,292,2020-08-27,455.5266418457031,15356.849243164062,13.052226690107158,STOP_LOSS,24
222,BHARTIARTL.NS,2020-05-04,509.0249938964844,206,2020-08-03,523.2202758789062,2924.2280883789062,2.788720033914216,REBALANCE,91
223,LUPIN.NS,2020-05-04,814.212646484375,129,2020-08-03,903.2582397460938,11486.881530761719,10.936405083635306,REBALANCE,91
224,SUNPHARMA.NS,2020-05-04,441.188720703125,238,2020-08-03,492.32666015625,12170.82958984375,11.59094443113282,REBALANCE,91
225,GUJGASLTD.NS,2020-07-01,311.4556884765625,404,2020-08-03,291.7155456542969,-7975.0177001953125,-6.338026098936093,REBALANCE,33
221,ADANIGREEN.NS,2020-07-01,340.95001220703125,369,2020-07-14,348.1000061035156,2638.3477478027344,2.097079818299805,STOP_LOSS,13
218,NESTLEIND.NS,2020-04-01,735.439697265625,143,2020-07-01,792.1204223632812,8105.343688964844,7.707052707162256,REBALANCE,91
219,DIVISLAB.NS,2020-05-04,2218.620361328125,47,2020-07-01,2174.095947265625,-2092.6474609375,-2.0068514126430586,REBALANCE,58
220,IGL.NS,2020-05-04,213.4705810546875,493,2020-07-01,199.38160705566406,-6945.864181518555,-6.599960486084068,REBALANCE,58
217,ADANIGREEN.NS,2020-05-04,209.5500030517578,502,2020-06-29,377.70001220703125,84411.30459594727,80.24338186897626,STOP_LOSS,56
216,ABBOTINDIA.NS,2020-04-01,14325.6787109375,7,2020-06-01,15437.7041015625,7784.177734375,7.762462170647319,REBALANCE,61
215,ALKEM.NS,2020-05-04,2527.232421875,41,2020-05-29,2147.087158203125,-15585.955810546875,-15.041958958006651,STOP_LOSS,25
214,HINDUNILVR.NS,2020-04-01,1969.604736328125,53,2020-05-04,1881.9522705078125,-4645.5806884765625,-4.4502566532064884,STOP_LOSS,33
212,ABBOTINDIA.NS,2019-09-03,8666.736328125,10,2020-03-19,12156.4033203125,34896.669921875,40.26506472641784,STOP_LOSS,198
213,ALKEM.NS,2020-03-02,2467.124267578125,43,2020-03-19,2066.389892578125,-17231.578125,-16.24297487833414,STOP_LOSS,17
210,NESTLEIND.NS,2020-02-03,765.8094482421875,201,2020-03-18,635.9492797851562,-26101.89385986328,-16.957242921866243,STOP_LOSS,44
211,VBL.NS,2020-03-02,70.79107666015625,1513,2020-03-18,57.8193473815918,-19626.226398468018,-18.3239609998267,STOP_LOSS,16
207,DIVISLAB.NS,2020-03-02,2046.0506591796875,52,2020-03-16,1835.213134765625,-10963.55126953125,-10.304609197633088,STOP_LOSS,14
208,MCX.NS,2020-03-02,234.5106964111328,456,2020-03-16,205.39096069335938,-13278.599487304688,-12.417231351665992,STOP_LOSS,14
209,APOLLOHOSP.NS,2020-03-02,1705.72412109375,62,2020-03-16,1453.351318359375,-15647.11376953125,-14.795640139775223,STOP_LOSS,14
206,GUJGASLTD.NS,2020-01-01,242.88966369628906,420,2020-03-13,246.3227081298828,1441.878662109375,1.4134172617104253,STOP_LOSS,72
202,POLYCAB.NS,2019-11-01,825.719970703125,116,2020-03-12,851.3045043945312,2967.805908203125,3.098451605768995,STOP_LOSS,132
203,BHARTIARTL.NS,2019-12-02,438.3828125,214,2020-03-12,444.452880859375,1298.99462890625,1.3846501701922906,STOP_LOSS,101
204,BERGEPAINT.NS,2020-01-01,418.7225036621094,243,2020-03-12,383.5947570800781,-8536.042419433594,-8.389266465214346,STOP_LOSS,71
205,BAJFINANCE.NS,2020-03-02,426.1835632324219,251,2020-03-12,365.80322265625,-15155.46548461914,-14.167684018175775,STOP_LOSS,10
201,COFORGE.NS,2020-02-03,350.2364196777344,441,2020-03-11,303.6295166015625,-20553.644256591797,-13.307269163799878,STOP_LOSS,37
199,TRENT.NS,2020-02-03,589.8994750976562,261,2020-03-09,655.7362670898438,17183.402709960938,11.160679873683291,STOP_LOSS,35
200,SHRIRAMFIN.NS,2020-03-02,226.7513427734375,472,2020-03-09,174.4709930419922,-24676.325073242188,-23.056247029011917,STOP_LOSS,7
198,TATACONSUM.NS,2019-07-01,259.3578186035156,368,2020-03-02,323.58843994140625,23636.86865234375,24.765253534184364,REBALANCE,245
195,ADANIENT.NS,2019-11-01,198.55642700195312,486,2020-02-28,216.58448791503906,8761.637603759766,9.079565534742727,STOP_LOSS,119
196,JINDALSTEL.NS,2019-12-02,157.2279510498047,598,2020-02-28,151.7552947998047,-3272.6484375,-3.4807146016082346,STOP_LOSS,88
197,IGL.NS,2019-12-02,189.04212951660156,497,2020-02-28,201.06320190429688,5974.47297668457,6.358938305675206,STOP_LOSS,88
194,NAUKRI.NS,2019-12-02,493.1257629394531,190,2020-02-26,512.6209106445312,3704.0780639648438,3.9533825182586892,STOP_LOSS,86
193,ADANIGREEN.NS,2020-02-03,196.14999389648438,787,2020-02-25,180.5500030517578,-12277.192794799805,-7.9530926995385265,STOP_LOSS,22
192,DLF.NS,2019-12-02,209.9327392578125,447,2020-02-17,210.72740173339844,355.21412658691406,0.3785319423713301,STOP_LOSS,77
189,MCX.NS,2019-09-03,161.35520935058594,553,2020-02-03,221.06863403320312,33021.523849487305,37.00743528699735,STOP_LOSS,153
190,MOTHERSON.NS,2020-01-01,37.43434524536133,2728,2020-02-03,32.15448760986328,-14403.451629638672,-14.104314102174126,STOP_LOSS,33
191,SBILIFE.NS,2019-08-01,768.7041625976562,118,2020-02-03,902.9058227539062,15835.7958984375,17.45816748315071,REBALANCE,186
188,ADANIGREEN.NS,2019-10-01,56.5,1592,2020-01-15,189.14999389648438,211178.79028320312,234.77875025926437,STOP_LOSS,106
185,ICICIPRULI.NS,2019-08-01,386.6542053222656,234,2020-01-01,477.2017517089844,21188.125854492188,23.41822360660732,REBALANCE,153
186,TRENT.NS,2019-09-03,447.7496643066406,199,2020-01-01,525.9495239257812,15561.772064208984,17.465085035906487,REBALANCE,120
187,TATACOMM.NS,2019-12-02,390.5947265625,240,2020-01-01,370.6844482421875,-4778.466796875,-5.097426300538292,REBALANCE,30
179,ICICIGI.NS,2019-08-01,1105.6844482421875,82,2019-12-02,1319.4066162109375,17525.2177734375,19.329399839938475,REBALANCE,123
180,BERGEPAINT.NS,2019-10-01,350.74932861328125,256,2019-12-02,400.3940124511719,12709.0390625,14.153892762721831,REBALANCE,62
181,SIEMENS.NS,2019-10-01,875.4117431640625,102,2019-12-02,841.0645751953125,-3503.4111328125,-3.9235443477838903,REBALANCE,62
182,BPCL.NS,2019-10-01,162.8390350341797,552,2019-12-02,164.86668395996094,1119.26220703125,1.2451860362324363,REBALANCE,62
183,COLPAL.NS,2019-10-01,1291.3878173828125,69,2019-12-02,1262.8614501953125,-1968.3193359375,-2.2089698232799564,REBALANCE,62
184,BAJFINANCE.NS,2019-10-01,390.1840515136719,230,2019-12-02,386.084228515625,-942.9592895507812,-1.050740793259516,REBALANCE,62
178,ASIANPAINT.NS,2019-08-01,1428.396240234375,63,2019-11-01,1679.8798828125,15843.469482421875,17.606014038293807,REBALANCE,92
177,INDIGO.NS,2019-08-01,1544.14453125,58,2019-10-25,1465.3238525390625,-4571.599365234375,-5.104488415157057,STOP_LOSS,85
171,GUJGASLTD.NS,2019-08-01,161.81735229492188,561,2019-10-01,163.69065856933594,1050.924819946289,1.1576671153287992,REBALANCE,61
172,VBL.NS,2019-08-01,54.333961486816406,1671,2019-10-01,52.7750244140625,-2604.9838485717773,-2.869176165504087,REBALANCE,61
173,APOLLOHOSP.NS,2019-08-01,1339.690673828125,67,2019-10-01,1348.7257080078125,605.3472900390625,0.674411963611732,REBALANCE,61
174,TCS.NS,2019-08-01,1868.929931640625,48,2019-10-01,1765.968994140625,-4942.125,-5.509084945181256,REBALANCE,61
175,INFY.NS,2019-08-01,652.4351196289062,139,2019-10-01,673.3952026367188,2913.4515380859375,3.21259269729904,REBALANCE,61
176,PRESTIGE.NS,2019-09-03,283.02471923828125,315,2019-10-01,278.7125549316406,-1358.3317565917969,-1.5235998884642201,REBALANCE,28
168,GODREJPROP.NS,2019-08-01,941.5999755859375,96,2019-09-03,900.0499877929688,-3988.798828125,-4.412700602197136,REBALANCE,33
169,POWERGRID.NS,2019-08-01,83.87811279296875,1082,2019-09-03,78.159912109375,-6187.0931396484375,-6.81727389087501,REBALANCE,33
170,KOTAKBANK.NS,2019-08-01,297.91534423828125,304,2019-09-03,281.6831970214844,-4934.57275390625,-5.448577097732145,REBALANCE,33
167,NAUKRI.NS,2019-02-01,338.46099853515625,250,2019-08-23,380.0173645019531,10389.091491699219,12.27803680384178,STOP_LOSS,203
164,ASTRAL.NS,2019-05-02,540.7843627929688,156,2019-08-01,549.1331787109375,1302.415283203125,1.5438345655650865,REBALANCE,91
165,OBEROIRLTY.NS,2019-07-01,603.8425903320312,158,2019-08-01,549.396240234375,-8602.523315429688,-9.016646220287008,REBALANCE,31
166,TRENT.NS,2019-07-01,449.7237854003906,212,2019-08-01,418.2571716308594,-6670.922119140625,-6.996875591429173,REBALANCE,31
162,ATGL.NS,2019-06-03,177.60964965820312,607,2019-07-31,152.39633178710938,-15304.483947753906,-14.195916674355786,STOP_LOSS,58
163,SIEMENS.NS,2019-06-03,726.1110229492188,148,2019-07-31,649.3617553710938,-11358.8916015625,-10.569908065352774,STOP_LOSS,58
161,FEDERALBNK.NS,2019-06-03,101.50835418701172,1062,2019-07-30,86.60177612304688,-15830.785903930664,-14.685075118548403,STOP_LOSS,57
160,BAJFINANCE.NS,2019-04-01,292.823486328125,302,2019-07-25,297.7396240234375,1484.673583984375,1.6788741084120877,STOP_LOSS,115
159,BAJAJFINSV.NS,2019-05-02,755.5130004882812,111,2019-07-22,714.2364501953125,-4581.697082519531,-5.4633805462370715,STOP_LOSS,81
158,BEL.NS,2019-06-03,32.5569953918457,3313,2019-07-18,28.267789840698242,-14210.137990951538,-13.17445144898643,STOP_LOSS,45
157,INDIGO.NS,2019-01-01,1159.999267578125,77,2019-07-10,1391.3323974609375,17812.651000976562,19.942523788467167,STOP_LOSS,190
155,TITAN.NS,2019-03-01,997.323974609375,86,2019-07-09,1073.0985107421875,6516.610107421875,7.597785480138623,STOP_LOSS,130
156,RECLTD.NS,2019-07-01,74.23876190185547,1287,2019-07-09,62.84205627441406,-14667.56014251709,-15.351422000420733,STOP_LOSS,8
154,GODREJPROP.NS,2019-05-02,820.4000244140625,103,2019-07-05,925.0499877929688,10778.946228027344,12.755967852834749,STOP_LOSS,64
150,ICICIGI.NS,2019-03-01,909.6627807617188,94,2019-07-01,1059.6884765625,14102.415405273438,16.492451815512904,REBALANCE,122
151,PRESTIGE.NS,2019-05-02,252.7477264404297,334,2019-07-01,258.4520263671875,1905.2361755371094,2.2569144368158196,REBALANCE,60
152,GUJGASLTD.NS,2019-06-03,177.17886352539062,608,2019-07-01,162.86041259765625,-8705.6181640625,-8.081353860632744,REBALANCE,28
153,HINDPETRO.NS,2019-06-03,160.4058837890625,672,2019-07-01,143.81488037109375,-11149.154296875,-10.343138933598164,REBALANCE,28
144,DIVISLAB.NS,2018-10-01,1257.2451171875,76,2019-06-03,1539.87744140625,21480.056640625,22.480288080259804,REBALANCE,245
145,AXISBANK.NS,2018-11-01,598.9024658203125,148,2019-06-03,808.2671508789062,30985.973388671875,34.95806028646558,REBALANCE,214
146,PFC.NS,2018-12-03,49.97565841674805,1782,2019-06-03,65.6653823852539,27959.08811187744,31.394731886609534,REBALANCE,182
147,RECLTD.NS,2019-01-01,50.97060775756836,1769,2019-06-03,66.48076629638672,27437.470455169678,30.429612714428224,REBALANCE,153
148,ULTRACEMCO.NS,2019-05-02,4466.0419921875,18,2019-06-03,4607.28955078125,2542.4560546875,3.162701086125836,REBALANCE,32
149,POONAWALLA.NS,2019-05-02,124.27859497070312,680,2019-06-03,128.68563842773438,2996.78955078125,3.5461001615524754,REBALANCE,32
139,GODREJPROP.NS,2019-02-01,750.0999755859375,113,2019-05-02,820.4000244140625,7943.905517578125,9.372090536759504,STOP_LOSS,90
140,IDFCFIRSTB.NS,2019-02-01,44.65384292602539,1900,2019-05-02,50.33524703979492,10794.66781616211,12.723214266645492,REBALANCE,90
141,PNB.NS,2019-04-01,90.46566009521484,980,2019-05-02,79.88813781738281,-10365.97183227539,-11.692306524596427,REBALANCE,31
142,CHOLAFIN.NS,2019-04-01,296.1551513671875,299,2019-05-02,262.5668640136719,-10042.897918701172,-11.34144964166814,REBALANCE,31
143,BANKBARODA.NS,2019-04-01,117.64064025878906,753,2019-05-02,102.74718475341797,-11214.771995544434,-12.660127888294442,REBALANCE,31
138,OBEROIRLTY.NS,2019-04-01,519.5115966796875,170,2019-04-30,495.4380187988281,-4092.5082397460938,-4.63388652625252,STOP_LOSS,29
133,WIPRO.NS,2018-10-01,116.27538299560547,827,2019-04-01,123.2140884399414,5738.30940246582,5.967475888338446,REBALANCE,182
134,COLPAL.NS,2019-01-01,1128.763916015625,79,2019-04-01,1072.7476806640625,-4425.2825927734375,-4.962617475343452,REBALANCE,90
135,DRREDDY.NS,2019-02-01,533.4235229492188,159,2019-04-01,534.1019897460938,107.876220703125,0.12719101570996694,REBALANCE,59
136,TECHM.NS,2019-03-01,643.7892456054688,134,2019-04-01,607.9544067382812,-4801.868408203125,-5.5662375710370355,REBALANCE,31
137,TATACOMM.NS,2019-03-01,336.7220153808594,256,2019-04-01,346.4244689941406,2483.828125,2.8814431994614322,REBALANCE,31
131,HAVELLS.NS,2018-11-01,617.6456909179688,143,2019-03-01,677.5429077148438,8565.302001953125,9.697666101718196,REBALANCE,120
132,DABUR.NS,2019-02-01,422.97430419921875,200,2019-03-01,416.8428649902344,-1226.287841796875,-1.4496008736494068,REBALANCE,28
129,APOLLOHOSP.NS,2018-11-01,1150.1983642578125,77,2019-02-11,1100.6546630859375,-3814.864990234375,-4.3074049408724395,STOP_LOSS,102
130,CUMMINSIND.NS,2018-12-03,710.7398071289062,125,2019-02-11,638.1588134765625,-9072.624206542969,-10.212034407576077,STOP_LOSS,70
125,ICICIBANK.NS,2018-11-01,341.260498046875,259,2019-02-01,342.1770935058594,237.39822387695312,0.2685911390947079,REBALANCE,92
126,ICICIGI.NS,2018-11-01,814.4125366210938,108,2019-02-01,842.5089721679688,3034.4150390625,3.4499021421556155,REBALANCE,92
127,ADANIENT.NS,2019-01-01,155.30636596679688,580,2019-02-01,141.23251342773438,-8162.83447265625,-9.0619933390698,REBALANCE,31
128,FEDERALBNK.NS,2019-01-01,87.73491668701172,1028,2019-02-01,81.36707305908203,-6546.143249511719,-7.258049438453941,REBALANCE,31
124,CANBK.NS,2019-01-01,49.22237014770508,1832,2019-01-28,42.03573226928711,-13165.920593261719,-14.600349103166938,STOP_LOSS,27
119,DRREDDY.NS,2018-10-01,479.4075012207031,200,2019-01-01,498.2218322753906,3762.8662109375,3.924496593562063,REBALANCE,92
120,NAUKRI.NS,2018-11-01,291.16949462890625,304,2019-01-01,281.47216796875,-2947.9873046875,-3.3304748055820315,REBALANCE,61
121,ABBOTINDIA.NS,2018-11-01,6916.31298828125,12,2019-01-01,6904.8359375,-137.724609375,-0.1659417496098904,REBALANCE,61
122,HINDUNILVR.NS,2018-12-03,1629.3671875,54,2019-01-01,1607.500244140625,-1180.81494140625,-1.3420512900426258,REBALANCE,29
123,ABB.NS,2018-12-03,1222.9298095703125,72,2019-01-01,1161.307861328125,-4436.7802734375,-5.038878581579341,REBALANCE,29
118,ADANIENT.NS,2018-10-01,135.65234375,709,2018-12-10,141.38064575195312,4061.3661193847656,4.222781445273131,STOP_LOSS,70
115,GAIL.NS,2018-10-01,94.15547180175781,1022,2018-12-03,87.89079284667969,-6402.501892089844,-6.6535474096165785,REBALANCE,63
116,VBL.NS,2018-11-01,45.21438217163086,1961,2018-12-03,45.43808364868164,438.67859649658203,0.49475734557562895,REBALANCE,32
117,SBIN.NS,2018-11-01,263.8046569824219,336,2018-12-03,264.6351013183594,279.029296875,0.31479517664194806,REBALANCE,32
114,PFC.NS,2018-11-01,48.74105453491211,1819,2018-11-30,44.47138595581055,-7766.527145385742,-8.759901934504303,STOP_LOSS,29
109,INFY.NS,2018-03-01,466.3486633300781,187,2018-11-01,554.821533203125,16544.426666259766,18.97139990523066,REBALANCE,245
110,JSWSTEEL.NS,2018-10-01,351.2591552734375,274,2018-11-01,316.119384765625,-9628.297119140625,-10.003944375615765,REBALANCE,31
111,SUNPHARMA.NS,2018-10-01,593.44873046875,162,2018-11-01,534.68359375,-9519.9521484375,-9.90231062965337,REBALANCE,31
112,TECHM.NS,2018-10-01,587.8697509765625,163,2018-11-01,557.801025390625,-4901.2022705078125,-5.1148618441394,REBALANCE,31
113,HCLTECH.NS,2018-10-01,440.0760192871094,218,2018-11-01,405.03955078125,-7637.950134277344,-7.961458241377447,REBALANCE,31
108,ABB.NS,2018-10-01,1252.5963134765625,76,2018-10-30,1063.5933837890625,-14364.22265625,-15.088893975978996,STOP_LOSS,29
107,LTIM.NS,2018-10-01,1754.924072265625,54,2018-10-25,1487.7777099609375,-14425.903564453125,-15.222673534804205,STOP_LOSS,24
106,RELIANCE.NS,2018-10-01,547.7171020507812,175,2018-10-24,465.0281677246094,-14470.563507080078,-15.0970152322367,STOP_LOSS,23
105,TCS.NS,2018-05-02,1463.1982421875,56,2018-10-19,1616.327880859375,8575.259765625,10.465406139563443,STOP_LOSS,170
104,ABBOTINDIA.NS,2018-05-02,5562.66015625,14,2018-10-08,6604.00341796875,14578.8056640625,18.720238743126075,STOP_LOSS,159
100,MPHASIS.NS,2018-02-01,722.2921142578125,126,2018-10-01,968.9010620117188,31072.727416992188,34.14255020730885,REBALANCE,242
101,PAGEIND.NS,2018-07-02,26058.384765625,3,2018-10-01,30692.6640625,13902.837890625,17.78421547826834,REBALANCE,91
102,NAUKRI.NS,2018-09-03,324.3135986328125,328,2018-10-01,278.0095520019531,-15187.727294921875,-14.277553215794928,REBALANCE,28
103,DABUR.NS,2018-09-03,435.0699768066406,244,2018-10-01,409.7876892089844,-6168.878173828125,-5.811085330048534,REBALANCE,28
99,HAVELLS.NS,2018-09-03,686.0177001953125,155,2018-09-28,569.2872924804688,-18093.21319580078,-17.015655380555057,STOP_LOSS,25
97,ASTRAL.NS,2018-03-01,389.9575500488281,224,2018-09-27,426.6878967285156,8227.59765625,9.419062837759737,STOP_LOSS,210
98,BAJAJFINSV.NS,2018-08-01,696.8271484375,122,2018-09-27,596.1083984375,-12287.6875,-14.453907289037504,STOP_LOSS,57
96,COFORGE.NS,2018-02-01,152.38304138183594,600,2018-09-26,215.5047607421875,37873.03161621094,41.42306045866576,STOP_LOSS,237
93,NESTLEIND.NS,2018-04-02,376.28228759765625,214,2018-09-21,444.3345642089844,14563.187194824219,18.08543182986432,STOP_LOSS,172
94,BRITANNIA.NS,2018-07-02,2757.49658203125,31,2018-09-21,2571.832275390625,-5755.593505859375,-6.733074769719548,STOP_LOSS,81
95,ADANIENT.NS,2018-08-01,122.46072387695312,696,2018-09-21,136.73873901367188,9937.49853515625,11.659260769244764,STOP_LOSS,51
92,BAJFINANCE.NS,2018-07-02,223.96078491210938,383,2018-09-19,243.85784912109375,7620.575592041016,8.884173279171499,STOP_LOSS,79
89,LTIM.NS,2017-12-01,916.4796752929688,89,2018-09-03,1609.5504150390625,61683.295837402344,75.62314347282624,REBALANCE,276
90,M&M.NS,2018-06-01,837.8642578125,98,2018-09-03,887.9514770507812,4908.5474853515625,5.977963467381841,REBALANCE,94
91,HINDUNILVR.NS,2018-06-01,1399.458740234375,59,2018-09-03,1507.8587646484375,6395.6014404296875,7.745853543056808,REBALANCE,94
87,VBL.NS,2018-06-01,44.66350173950195,1855,2018-08-01,43.12288284301758,-2857.8480529785156,-3.4493911952313363,REBALANCE,61
88,KOTAKBANK.NS,2018-06-01,262.22808837890625,316,2018-08-01,261.306884765625,-291.100341796875,-0.35129860381324124,REBALANCE,61
84,TECHM.NS,2018-02-01,462.4478454589844,197,2018-07-02,497.3746032714844,6880.5712890625,7.552583097848542,REBALANCE,151
85,PIDILITIND.NS,2018-05-02,530.3526611328125,155,2018-07-02,509.6021728515625,-3216.32568359375,-3.912583041806139,REBALANCE,61
86,PHOENIXLTD.NS,2018-06-01,337.3158874511719,245,2018-07-02,322.5954895019531,-3606.4974975585938,-4.363980024910507,REBALANCE,31
80,CHOLAFIN.NS,2018-03-01,283.3080749511719,308,2018-06-01,308.70135498046875,7821.1302490234375,8.963133166491426,REBALANCE,92
81,TITAN.NS,2018-04-02,917.8731079101562,88,2018-06-01,874.9983520507812,-3772.978515625,-4.671098378401526,REBALANCE,60
82,SHRIRAMFIN.NS,2018-04-02,254.27914428710938,317,2018-06-01,252.6945037841797,-502.33103942871094,-0.6231893328775924,REBALANCE,60
83,DIVISLAB.NS,2018-05-02,1123.9188232421875,73,2018-06-01,995.7669067382812,-9355.089904785156,-11.402239543797679,REBALANCE,30
79,ASHOKLEY.NS,2018-03-01,60.303367614746094,1448,2018-05-21,57.45826721191406,-4119.705383300781,-4.717979302595887,STOP_LOSS,81
75,COALINDIA.NS,2018-03-01,156.1697540283203,559,2018-05-02,148.27830505371094,-4411.319976806641,-5.053122497188742,REBALANCE,62
76,GODREJCP.NS,2018-04-02,696.5514526367188,116,2018-05-02,698.9246826171875,275.294677734375,0.34071136762189635,REBALANCE,30
77,INDIGO.NS,2018-04-02,1313.735595703125,61,2018-05-02,1327.726318359375,853.43408203125,1.064957264004255,REBALANCE,30
78,VBL.NS,2018-04-02,37.12547302246094,2177,2018-05-02,38.671878814697266,3366.5254096984863,4.165349735209438,REBALANCE,30
71,ALKEM.NS,2018-03-01,2067.869873046875,42,2018-04-02,1783.937255859375,-11925.169921875,-13.730681068879026,STOP_LOSS,32
72,ABBOTINDIA.NS,2017-12-01,4767.75537109375,17,2018-04-02,4963.22705078125,3323.0185546875,4.099868061029685,REBALANCE,122
73,GODREJPROP.NS,2018-02-01,807.4500122070312,113,2018-04-02,727.6500244140625,-9017.398620605469,-9.882963228255909,REBALANCE,60
74,JSWSTEEL.NS,2018-02-01,276.25775146484375,331,2018-04-02,270.6897277832031,-1843.0158386230469,-2.015517628778357,REBALANCE,60
70,PERSISTENT.NS,2018-03-01,385.2868347167969,226,2018-03-28,320.3262634277344,-14681.089111328125,-16.86031429981547,STOP_LOSS,27
69,OBEROIRLTY.NS,2018-03-01,496.1754455566406,176,2018-03-23,455.9016418457031,-7088.189453125,-8.11684739170352,STOP_LOSS,22
65,DIVISLAB.NS,2017-10-03,808.9039916992188,97,2018-03-01,962.8661499023438,14934.329345703125,19.03342792012998,REBALANCE,149
66,JINDALSTEL.NS,2018-01-01,203.32644653320312,424,2018-03-01,245.38209533691406,17831.595092773438,20.68380651940586,REBALANCE,59
67,ADANIENT.NS,2018-02-01,114.81558227539062,796,2018-03-01,106.8482437133789,-6342.001495361328,-6.93924849233589,REBALANCE,28
68,VBL.NS,2018-02-01,39.230796813964844,2331,2018-03-01,37.383209228515625,-4306.726661682129,-4.709533671239479,REBALANCE,28
64,PHOENIXLTD.NS,2018-01-01,311.4384765625,276,2018-02-22,278.31146240234375,-9143.055908203125,-10.636776330848852,STOP_LOSS,52
63,NAUKRI.NS,2017-12-01,251.23849487304688,326,2018-02-07,228.4579620361328,-7426.453704833984,-9.067293946505004,STOP_LOSS,68
62,TITAN.NS,2017-09-01,596.4572143554688,134,2018-02-06,760.9083251953125,22036.448852539062,27.571317251573447,STOP_LOSS,158
61,DLF.NS,2018-01-01,240.20339965820312,358,2018-02-02,209.04339599609375,-11155.281311035156,-12.972340818842875,STOP_LOSS,32
55,TVSMOTOR.NS,2017-06-01,510.456298828125,158,2018-02-01,643.7257690429688,21056.576293945312,26.1079098290678,REBALANCE,245
56,RELIANCE.NS,2017-08-01,354.179931640625,216,2018-02-01,416.9278564453125,13553.5517578125,17.716397570587315,REBALANCE,184
57,TATACONSUM.NS,2017-09-01,184.97813415527344,433,2018-02-01,269.931396484375,36784.76258850098,45.926110519522545,REBALANCE,153
58,TATASTEEL.NS,2017-09-01,49.846656799316406,1609,2018-02-01,55.97908020019531,9867.06925201416,12.302577132841948,REBALANCE,153
59,IGL.NS,2017-10-03,132.17845153808594,595,2018-02-01,135.6676025390625,2076.0448455810547,2.639727550425417,REBALANCE,121
60,SHRIRAMFIN.NS,2018-01-01,255.17970275878906,337,2018-02-01,239.00424194335938,-5451.130294799805,-6.338850872759143,REBALANCE,31
54,PAGEIND.NS,2017-12-01,20051.169921875,4,2018-01-30,19864.4765625,-746.7734375,-0.9310846205104732,STOP_LOSS,60
50,GODREJPROP.NS,2017-09-01,597.2999877929688,134,2018-01-01,703.8499755859375,14277.698364257812,17.838605385992444,REBALANCE,122
51,ASHOKLEY.NS,2017-10-03,52.3884162902832,1501,2018-01-01,50.76264953613281,-2440.2758979797363,-3.10329433350695,REBALANCE,90
52,COFORGE.NS,2017-11-01,119.35545349121094,782,2018-01-01,119.30071258544922,-42.80738830566406,-0.04586376588628164,REBALANCE,61
53,PRESTIGE.NS,2017-12-01,324.6673583984375,252,2018-01-01,306.1883544921875,-4656.708984375,-5.6916728547660895,REBALANCE,31
45,POONAWALLA.NS,2017-07-03,159.01206970214844,515,2017-12-01,165.4601287841797,3320.7504272460938,4.055075249387896,REBALANCE,151
46,GRASIM.NS,2017-08-01,1040.5950927734375,73,2017-12-01,1093.8778076171875,3889.63818359375,5.120408044760108,REBALANCE,122
47,JSWSTEEL.NS,2017-09-01,234.26914978027344,342,2017-12-01,230.0703125,-1436.0023498535156,-1.7923133644406983,REBALANCE,91
48,MOTHERSON.NS,2017-10-03,56.079959869384766,1402,2017-12-01,59.04152297973633,4152.111480712891,5.280965102773446,REBALANCE,59
49,BHARTIARTL.NS,2017-11-01,463.1961669921875,201,2017-12-01,415.9830017089844,-9489.846221923828,-10.192909321721448,REBALANCE,30
43,BAJFINANCE.NS,2017-06-01,128.9422607421875,628,2017-11-01,175.9653778076172,29530.517517089844,36.46835164419031,REBALANCE,153
44,BAJAJFINSV.NS,2017-08-01,504.99249267578125,152,2017-11-01,500.5426940917969,-676.369384765625,-0.8811613337866521,REBALANCE,92
40,PRESTIGE.NS,2017-05-02,231.90350341796875,332,2017-10-03,265.44732666015625,11136.54931640625,14.464560796966556,REBALANCE,154
41,HINDUNILVR.NS,2017-08-01,1027.3299560546875,74,2017-10-03,1038.1812744140625,802.99755859375,1.0562641822543481,REBALANCE,63
42,HINDPETRO.NS,2017-09-01,221.06146240234375,362,2017-10-03,199.15696716308594,-7929.427276611328,-9.908780572251192,REBALANCE,32
39,INDIGO.NS,2017-06-01,1088.5693359375,74,2017-09-25,1033.823974609375,-4051.15673828125,-5.029111102140047,STOP_LOSS,116
36,FEDERALBNK.NS,2017-05-02,104.08264923095703,740,2017-09-01,102.77438354492188,-968.1166076660156,-1.2569488725562168,REBALANCE,122
37,MOTHERSON.NS,2017-06-01,48.80815124511719,1660,2017-09-01,52.63167953491211,6347.05696105957,7.833790447404891,REBALANCE,92
38,MARUTI.NS,2017-06-01,6570.41845703125,12,2017-09-01,7254.2900390625,8206.458984375,10.40834136369828,REBALANCE,92
35,ZYDUSLIFE.NS,2017-08-01,502.56854248046875,152,2017-08-23,430.06256103515625,-11020.9091796875,-14.427083137247948,STOP_LOSS,22
33,ADANIENT.NS,2017-05-02,60.18239212036133,1280,2017-08-10,62.156005859375,2526.2255859375,3.2793873248948926,STOP_LOSS,100
34,JINDALSTEL.NS,2017-05-02,111.86898803710938,689,2017-08-10,121.58171844482422,6692.071250915527,8.682236764752819,STOP_LOSS,100
29,MRF.NS,2017-01-02,48455.87109375,1,2017-08-01,68561.453125,20105.58203125,41.49256132936032,REBALANCE,211
30,ASTRAL.NS,2017-04-03,250.7971649169922,299,2017-08-01,276.6551513671875,7731.537948608398,10.310318483366302,REBALANCE,120
31,COFORGE.NS,2017-06-01,95.50604248046875,848,2017-08-01,89.96390533447266,-4699.7322998046875,-5.802917807142387,REBALANCE,61
32,DLF.NS,2017-07-03,179.7987518310547,456,2017-08-01,179.2431182861328,-253.368896484375,-0.3090308132082964,REBALANCE,29
28,ITC.NS,2017-06-01,221.12184143066406,366,2017-07-18,203.39865112304688,-6486.687652587891,-8.015124237817343,STOP_LOSS,47
26,ABB.NS,2017-05-02,1237.9853515625,62,2017-07-03,1270.4388427734375,2012.116455078125,2.621476188710709,REBALANCE,62
27,HINDUNILVR.NS,2017-06-01,950.0145874023438,85,2017-07-03,960.6470947265625,903.7631225585938,1.1191941118811202,REBALANCE,32
19,IOC.NS,2017-01-02,58.79257583618164,1133,2017-06-01,77.85953521728516,21602.864978790283,32.43089643534462,REBALANCE,150
20,GAIL.NS,2017-01-02,57.84137725830078,1152,2017-06-01,74.02410125732422,18642.498046875,27.97776395737718,REBALANCE,150
21,RECLTD.NS,2017-02-01,55.15070343017578,1400,2017-06-01,73.84226989746094,26168.19305419922,33.89180065663141,REBALANCE,120
22,BAJAJFINSV.NS,2017-03-01,390.87847900390625,183,2017-06-01,418.9453125,5136.230529785156,7.180449936158614,REBALANCE,92
23,GUJGASLTD.NS,2017-04-03,142.34617614746094,528,2017-06-01,142.81597900390625,248.055908203125,0.3300424845684852,REBALANCE,59
24,GODREJPROP.NS,2017-05-02,506.29998779296875,152,2017-06-01,489.54998779296875,-2546.0,-3.3083153078900027,REBALANCE,30
25,BEL.NS,2017-05-02,47.24506378173828,1631,2017-06-01,44.56156921386719,-4376.779640197754,-5.6799469681494,REBALANCE,30
18,DLF.NS,2017-05-02,175.35360717773438,439,2017-05-29,162.80517578125,-5508.761383056641,-7.156072577261313,STOP_LOSS,27
12,VEDL.NS,2017-01-02,75.20892333984375,886,2017-05-02,88.04508972167969,11372.84341430664,17.067344952983348,REBALANCE,120
13,TATACOMM.NS,2017-01-02,347.9840393066406,191,2017-05-02,395.0455017089844,8988.739318847656,13.524029003201948,REBALANCE,120
14,HINDPETRO.NS,2017-01-02,129.8289031982422,513,2017-05-02,168.4582977294922,19816.87939453125,29.754079083811458,REBALANCE,120
15,TATASTEEL.NS,2017-01-02,30.589942932128906,2179,2017-05-02,33.47031784057617,6276.336925506592,9.416084609370031,REBALANCE,120
16,TRENT.NS,2017-02-01,235.26998901367188,328,2017-05-02,245.49270629882812,3353.05126953125,4.3451004218656175,REBALANCE,90
17,ADANIPORTS.NS,2017-04-03,325.5602722167969,230,2017-05-02,314.61627197265625,-2517.1200561523438,-3.361589597410339,REBALANCE,29
11,ADANIENT.NS,2017-03-01,52.30930709838867,1369,2017-04-26,63.27824783325195,15016.479866027832,20.969386411928152,STOP_LOSS,56
10,JINDALSTEL.NS,2017-03-01,124.49060821533203,575,2017-04-19,110.98153686523438,-7767.716026306152,-10.851478311304373,STOP_LOSS,49
7,IGL.NS,2017-01-02,82.06853485107422,812,2017-04-03,90.57577514648438,6907.879119873047,10.366019462693993,REBALANCE,91
8,MARUTI.NS,2017-01-02,5025.3134765625,13,2017-04-03,5582.45556640625,7242.84716796875,11.086713146198708,REBALANCE,91
9,TVSMOTOR.NS,2017-01-02,350.57183837890625,190,2017-04-03,417.0678405761719,12634.240417480469,18.96786761445316,REBALANCE,91
4,ONGC.NS,2017-01-02,119.1458740234375,559,2017-03-01,121.5113525390625,1322.302490234375,1.9853633497704508,REBALANCE,58
5,ADANIPORTS.NS,2017-01-02,260.56243896484375,255,2017-03-01,287.87481689453125,6964.6563720703125,10.48208561379509,REBALANCE,58
6,HINDALCO.NS,2017-02-01,187.7875213623047,411,2017-03-01,178.72157287597656,-3726.1048278808594,-4.827769396261901,REBALANCE,28
1,BPCL.NS,2017-01-02,120.5086441040039,553,2017-02-01,130.33938598632812,5436.400260925293,8.157706822956106,REBALANCE,30
2,OBEROIRLTY.NS,2017-01-02,301.9553527832031,220,2017-02-01,321.02716064453125,4195.7977294921875,6.316101928824304,REBALANCE,30
3,MOTHERSON.NS,2017-01-02,35.69827651977539,1867,2017-02-01,36.65103530883789,1778.8006591796875,2.6689209730747376,REBALANCE,30
